wave,module,method,url,suggested_controller,callers
1,accounts,DELETE,/v1/accounts/{}/signatories/{},AccountsController,/cbs-frontend/src/features/accounts/api/accountMaintenanceApi.ts:93
1,accounts,GET,/v1/accounts,AccountsController,/cbs-frontend/src/features/payments/api/paymentApi.ts:148; /cbs-frontend/src/features/goals/pages/NewGoalPage.tsx:55
1,accounts,GET,/v1/accounts/customer/{},AccountsController,/cbs-frontend/src/features/customers/api/customerApi.ts:556; /cbs-frontend/src/features/accounts/api/accountOpeningApi.ts:305
1,accounts,GET,/v1/accounts/products,AccountsController,/cbs-frontend/src/features/accounts/api/accountOpeningApi.ts:269
1,accounts,GET,/v1/accounts/selector,AccountsController,/cbs-frontend/src/features/statements/components/StatementRequestForm.tsx:84
1,accounts,GET,/v1/accounts/summary,AccountsController,/cbs-frontend/src/features/dashboard/api/dashboardApi.ts:87
1,accounts,GET,/v1/accounts/{},AccountsController,/cbs-frontend/src/features/accounts/api/accountDetailApi.ts:234; /cbs-frontend/src/features/accounts/api/accountMaintenanceApi.ts:76
1,accounts,GET,/v1/accounts/{}/holds,AccountsController,/cbs-frontend/src/features/accounts/api/accountDetailApi.ts:254
1,accounts,GET,/v1/accounts/{}/interest-history,AccountsController,/cbs-frontend/src/features/accounts/api/accountDetailApi.ts:250
1,accounts,GET,/v1/accounts/{}/linked-products,AccountsController,/cbs-frontend/src/features/accounts/api/accountDetailApi.ts:262
1,accounts,GET,/v1/accounts/{}/maintenance-history,AccountsController,/cbs-frontend/src/features/accounts/api/accountMaintenanceApi.ts:80
1,accounts,GET,/v1/accounts/{}/transactions,AccountsController,/cbs-frontend/src/features/accounts/api/accountDetailApi.ts:239
1,accounts,PATCH,/v1/accounts/{}/limits,AccountsController,/cbs-frontend/src/features/accounts/api/accountMaintenanceApi.ts:105
1,accounts,PATCH,/v1/accounts/{}/officer,AccountsController,/cbs-frontend/src/features/accounts/api/accountMaintenanceApi.ts:109
1,accounts,PATCH,/v1/accounts/{}/signing-rule,AccountsController,/cbs-frontend/src/features/accounts/api/accountMaintenanceApi.ts:97
1,accounts,PATCH,/v1/accounts/{}/status,AccountsController,/cbs-frontend/src/features/accounts/api/accountMaintenanceApi.ts:85
1,accounts,POST,/v1/accounts,AccountsController,/cbs-frontend/src/features/accounts/api/accountOpeningApi.ts:280
1,accounts,POST,/v1/accounts/compliance-check,AccountsController,/cbs-frontend/src/features/accounts/api/accountOpeningApi.ts:298
1,accounts,POST,/v1/accounts/{}/holds/{}/release,AccountsController,/cbs-frontend/src/features/accounts/api/accountDetailApi.ts:258
1,accounts,POST,/v1/accounts/{}/interest-rate-override,AccountsController,/cbs-frontend/src/features/accounts/api/accountMaintenanceApi.ts:101
1,accounts,POST,/v1/accounts/{}/signatories,AccountsController,/cbs-frontend/src/features/accounts/api/accountMaintenanceApi.ts:89
1,customers,GET,/v1/customers,CustomersController,/cbs-frontend/src/features/dashboard/hooks/useDashboardData.ts:14
1,customers,GET,/v1/customers/lookup,CustomersController,/cbs-frontend/src/features/contactcenter/api/contactCenterApi.ts:39
1,customers,GET,/v1/customers/quick-search,CustomersController,/cbs-frontend/src/features/accounts/api/accountOpeningApi.ts:327
1,customers,GET,/v1/customers/segments,CustomersController,/cbs-frontend/src/features/customers/api/customerApi.ts:639
1,customers,GET,/v1/customers/selector,CustomersController,/cbs-frontend/src/features/fees/components/FeePreviewCalculator.tsx:41
1,customers,GET,/v1/customers/{},CustomersController,/cbs-frontend/src/features/customers/api/customerApi.ts:552; /cbs-frontend/src/features/accounts/api/accountOpeningApi.ts:310; /cbs-frontend/src/features/accounts/api/accountOpeningApi.ts:330
1,customers,GET,/v1/customers/{}/identifications,CustomersController,/cbs-frontend/src/features/customers/api/customerApi.ts:572
1,customers,GET,/v1/customers/{}/mini-profile,CustomersController,/cbs-frontend/src/features/contactcenter/api/contactCenterApi.ts:38
1,customers,POST,/v1/customers,CustomersController,/cbs-frontend/src/features/customers/api/customerApi.ts:590
1,customers,POST,/v1/customers/verify-bvn,CustomersController,/cbs-frontend/src/features/customers/api/customerApi.ts:602
1,loans,GET,/v1/loans/applications/customer/{},LoansController,/cbs-frontend/src/features/lending/api/loanApi.ts:278
1,loans,GET,/v1/loans/applications/{},LoansController,/cbs-frontend/src/features/lending/api/loanApi.ts:274
1,loans,GET,/v1/loans/customer/{},LoansController,/cbs-frontend/src/features/customers/api/customerApi.ts:560; /cbs-frontend/src/features/lending/api/loanApi.ts:308
1,loans,GET,/v1/loans/number/{},LoansController,/cbs-frontend/src/features/lending/api/loanApi.ts:305
1,loans,GET,/v1/loans/products,LoansController,/cbs-frontend/src/features/lending/api/loanApi.ts:261
1,loans,GET,/v1/loans/products/islamic,LoansController,/cbs-frontend/src/features/lending/api/loanApi.ts:265
1,loans,GET,/v1/loans/{},LoansController,/cbs-frontend/src/features/lending/api/loanApi.ts:302; /cbs-frontend/src/features/lending/api/loanApi.ts:313
1,loans,POST,/v1/loans/applications,LoansController,/cbs-frontend/src/features/lending/api/loanApi.ts:270
1,loans,POST,/v1/loans/applications/{}/approve,LoansController,/cbs-frontend/src/features/lending/api/loanApi.ts:285
1,loans,POST,/v1/loans/applications/{}/credit-check,LoansController,/cbs-frontend/src/features/lending/api/loanApi.ts:282
1,loans,POST,/v1/loans/applications/{}/decline,LoansController,/cbs-frontend/src/features/lending/api/loanApi.ts:291
1,loans,POST,/v1/loans/applications/{}/disburse,LoansController,/cbs-frontend/src/features/lending/api/loanApi.ts:297
1,loans,POST,/v1/loans/{}/repayment,LoansController,/cbs-frontend/src/features/lending/api/loanApi.ts:318
1,payments,DELETE,/v1/payments/mobile-money/{},PaymentsController,/cbs-frontend/src/features/payments/api/qrApi.ts:71
1,payments,GET,/v1/payments,PaymentsController,/cbs-frontend/src/features/dashboard/hooks/useDashboardData.ts:34
1,payments,GET,/v1/payments/account/{},PaymentsController,/cbs-frontend/src/features/payments/api/paymentApi.ts:197
1,payments,GET,/v1/payments/banks,PaymentsController,/cbs-frontend/src/features/payments/hooks/useTransfer.ts:30
1,payments,GET,/v1/payments/beneficiaries,PaymentsController,/cbs-frontend/src/features/payments/api/paymentApi.ts:151
1,payments,GET,/v1/payments/bulk/{},PaymentsController,/cbs-frontend/src/features/payments/api/bulkPaymentApi.ts:62
1,payments,GET,/v1/payments/bulk/{}/status,PaymentsController,/cbs-frontend/src/features/payments/api/bulkPaymentApi.ts:72
1,payments,GET,/v1/payments/check-duplicate,PaymentsController,/cbs-frontend/src/features/payments/hooks/useTransfer.ts:66
1,payments,GET,/v1/payments/fee-preview,PaymentsController,/cbs-frontend/src/features/payments/hooks/useTransfer.ts:52
1,payments,GET,/v1/payments/fx-rate/{}/{},PaymentsController,/cbs-frontend/src/features/payments/api/paymentApi.ts:202
1,payments,GET,/v1/payments/international/charges,PaymentsController,/cbs-frontend/src/features/payments/api/internationalPaymentApi.ts:76
1,payments,GET,/v1/payments/international/purposes,PaymentsController,/cbs-frontend/src/features/payments/api/internationalPaymentApi.ts:88
1,payments,GET,/v1/payments/international/{},PaymentsController,/cbs-frontend/src/features/payments/api/internationalPaymentApi.ts:82
1,payments,GET,/v1/payments/mobile-money/linked,PaymentsController,/cbs-frontend/src/features/payments/api/qrApi.ts:65
1,payments,GET,/v1/payments/mobile-money/transactions,PaymentsController,/cbs-frontend/src/features/payments/api/qrApi.ts:77
1,payments,GET,/v1/payments/payroll/{},PaymentsController,/cbs-frontend/src/features/payments/api/bulkPaymentApi.ts:79
1,payments,GET,/v1/payments/qr/transactions,PaymentsController,/cbs-frontend/src/features/payments/api/qrApi.ts:62
1,payments,GET,/v1/payments/recent,PaymentsController,/cbs-frontend/src/features/payments/hooks/useTransfer.ts:38
1,payments,GET,/v1/payments/{},PaymentsController,/cbs-frontend/src/features/payments/api/paymentApi.ts:194
1,payments,POST,/v1/payments/bulk/{}/approve,PaymentsController,/cbs-frontend/src/features/payments/api/bulkPaymentApi.ts:68
1,payments,POST,/v1/payments/bulk/{}/reject,PaymentsController,/cbs-frontend/src/features/payments/api/bulkPaymentApi.ts:70
1,payments,POST,/v1/payments/bulk/{}/retry,PaymentsController,/cbs-frontend/src/features/payments/api/bulkPaymentApi.ts:74
1,payments,POST,/v1/payments/bulk/{}/submit,PaymentsController,/cbs-frontend/src/features/payments/api/bulkPaymentApi.ts:66
1,payments,POST,/v1/payments/bulk/{}/validate,PaymentsController,/cbs-frontend/src/features/payments/api/bulkPaymentApi.ts:64
1,payments,POST,/v1/payments/international,PaymentsController,/cbs-frontend/src/features/payments/api/internationalPaymentApi.ts:80
1,payments,POST,/v1/payments/international/compliance-check,PaymentsController,/cbs-frontend/src/features/payments/api/internationalPaymentApi.ts:78
1,payments,POST,/v1/payments/mobile-money/link,PaymentsController,/cbs-frontend/src/features/payments/api/qrApi.ts:68
1,payments,POST,/v1/payments/mobile-money/verify-otp,PaymentsController,/cbs-frontend/src/features/payments/api/qrApi.ts:74
1,payments,POST,/v1/payments/name-enquiry,PaymentsController,/cbs-frontend/src/features/payments/hooks/useTransfer.ts:45
1,payments,POST,/v1/payments/qr/generate,PaymentsController,/cbs-frontend/src/features/payments/api/qrApi.ts:59
2,capital-markets,POST,/v1/capital-markets,CapitalMarketsController,/cbs-frontend/src/features/capitalmarkets/api/capitalMarketsApi.ts:245
2,cards,GET,/v1/cards,CardsController,/cbs-frontend/src/features/cards/hooks/useCardData.ts:10; /cbs-frontend/src/features/cards/api/cardApi.ts:5
2,cards,POST,/v1/cards/request,CardsController,/cbs-frontend/src/features/cards/api/cardApi.ts:11
2,compliance,GET,/v1/compliance/returns,ComplianceController,/cbs-frontend/src/features/compliance/api/regulatoryApi.ts:45
2,compliance,GET,/v1/compliance/returns/calendar,ComplianceController,/cbs-frontend/src/features/compliance/api/regulatoryApi.ts:44
2,compliance,GET,/v1/compliance/returns/stats,ComplianceController,/cbs-frontend/src/features/compliance/api/regulatoryApi.ts:43
2,compliance,GET,/v1/compliance/returns/{},ComplianceController,/cbs-frontend/src/features/compliance/api/regulatoryApi.ts:46
2,compliance,GET,/v1/compliance/returns/{}/validations,ComplianceController,/cbs-frontend/src/features/compliance/api/regulatoryApi.ts:52
2,compliance,POST,/v1/compliance/returns/{}/approve,ComplianceController,/cbs-frontend/src/features/compliance/api/regulatoryApi.ts:50
2,compliance,POST,/v1/compliance/returns/{}/extract,ComplianceController,/cbs-frontend/src/features/compliance/api/regulatoryApi.ts:47
2,compliance,POST,/v1/compliance/returns/{}/submit,ComplianceController,/cbs-frontend/src/features/compliance/api/regulatoryApi.ts:51
2,compliance,POST,/v1/compliance/returns/{}/submit-review,ComplianceController,/cbs-frontend/src/features/compliance/api/regulatoryApi.ts:49
2,compliance,POST,/v1/compliance/returns/{}/validate,ComplianceController,/cbs-frontend/src/features/compliance/api/regulatoryApi.ts:48
2,standing-orders,GET,/v1/standing-orders,StandingOrdersController,/cbs-frontend/src/features/payments/api/standingOrderApi.ts:57
2,standing-orders,GET,/v1/standing-orders/{},StandingOrdersController,/cbs-frontend/src/features/payments/api/standingOrderApi.ts:59
2,standing-orders,GET,/v1/standing-orders/{}/executions,StandingOrdersController,/cbs-frontend/src/features/payments/api/standingOrderApi.ts:71
2,standing-orders,POST,/v1/standing-orders,StandingOrdersController,/cbs-frontend/src/features/payments/api/standingOrderApi.ts:61
2,standing-orders,POST,/v1/standing-orders/{}/cancel,StandingOrdersController,/cbs-frontend/src/features/payments/api/standingOrderApi.ts:69
2,standing-orders,POST,/v1/standing-orders/{}/pause,StandingOrdersController,/cbs-frontend/src/features/payments/api/standingOrderApi.ts:65
2,standing-orders,POST,/v1/standing-orders/{}/resume,StandingOrdersController,/cbs-frontend/src/features/payments/api/standingOrderApi.ts:67
2,standing-orders,PUT,/v1/standing-orders/{},StandingOrdersController,/cbs-frontend/src/features/payments/api/standingOrderApi.ts:63
2,trade,GET,/v1/trade/documents/lc/{},TradeController,/cbs-frontend/src/features/tradefinance/api/tradeFinanceExtApi.ts:224
2,trade,GET,/v1/trade/guarantees/customer/{},TradeController,/cbs-frontend/src/features/tradefinance/api/tradeFinanceExtApi.ts:160
2,trade,GET,/v1/trade/guarantees/{},TradeController,/cbs-frontend/src/features/tradefinance/api/tradeFinanceExtApi.ts:172
2,trade,GET,/v1/trade/lc/customer/{},TradeController,/cbs-frontend/src/features/tradefinance/api/tradeFinanceExtApi.ts:137
2,trade,GET,/v1/trade/lc/{},TradeController,/cbs-frontend/src/features/tradefinance/api/tradeFinanceExtApi.ts:150
2,trade,POST,/v1/trade/collections,TradeController,/cbs-frontend/src/features/tradefinance/api/tradeFinanceExtApi.ts:188
2,trade,POST,/v1/trade/collections/{}/settle,TradeController,/cbs-frontend/src/features/tradefinance/api/tradeFinanceExtApi.ts:193
2,trade,POST,/v1/trade/documents,TradeController,/cbs-frontend/src/features/tradefinance/api/tradeFinanceExtApi.ts:216
2,trade,POST,/v1/trade/documents/{}/verify,TradeController,/cbs-frontend/src/features/tradefinance/api/tradeFinanceExtApi.ts:221
2,trade,POST,/v1/trade/guarantees,TradeController,/cbs-frontend/src/features/tradefinance/api/tradeFinanceExtApi.ts:169
2,trade,POST,/v1/trade/guarantees/{}/claim,TradeController,/cbs-frontend/src/features/tradefinance/api/tradeFinanceExtApi.ts:178
2,trade,POST,/v1/trade/lc,TradeController,/cbs-frontend/src/features/tradefinance/api/tradeFinanceExtApi.ts:147
2,trade,POST,/v1/trade/lc/{}/settle,TradeController,/cbs-frontend/src/features/tradefinance/api/tradeFinanceExtApi.ts:156
2,trade,POST,/v1/trade/scf/invoices,TradeController,/cbs-frontend/src/features/tradefinance/api/tradeFinanceExtApi.ts:210
2,trade,POST,/v1/trade/scf/programmes,TradeController,/cbs-frontend/src/features/tradefinance/api/tradeFinanceExtApi.ts:201
2,trade-finance,GET,/v1/trade-finance/collections,TradeFinanceController,/cbs-frontend/src/features/tradefinance/api/tradeFinanceApi.ts:33
2,trade-finance,GET,/v1/trade-finance/guarantees,TradeFinanceController,/cbs-frontend/src/features/tradefinance/api/tradeFinanceApi.ts:30
2,trade-finance,GET,/v1/trade-finance/guarantees/{},TradeFinanceController,/cbs-frontend/src/features/tradefinance/api/tradeFinanceApi.ts:31
2,trade-finance,GET,/v1/trade-finance/lc,TradeFinanceController,/cbs-frontend/src/features/tradefinance/api/tradeFinanceApi.ts:26
2,trade-finance,GET,/v1/trade-finance/lc/{},TradeFinanceController,/cbs-frontend/src/features/tradefinance/api/tradeFinanceApi.ts:27
2,trade-finance,POST,/v1/trade-finance/lc,TradeFinanceController,/cbs-frontend/src/features/tradefinance/api/tradeFinanceApi.ts:28
2,treasury,GET,/v1/treasury/confirmations,TreasuryController,/cbs-frontend/src/features/treasury/hooks/useTreasuryData.ts:53; /cbs-frontend/src/features/treasury/api/treasuryApi.ts:22
2,treasury,GET,/v1/treasury/coupons,TreasuryController,/cbs-frontend/src/features/treasury/hooks/useTreasuryData.ts:15
2,treasury,GET,/v1/treasury/executions,TreasuryController,/cbs-frontend/src/features/treasury/api/treasuryApi.ts:19
2,treasury,GET,/v1/treasury/fixed-income/coupons,TreasuryController,/cbs-frontend/src/features/treasury/api/treasuryApi.ts:7
2,treasury,GET,/v1/treasury/fixed-income/holdings,TreasuryController,/cbs-frontend/src/features/treasury/api/treasuryApi.ts:6
2,treasury,GET,/v1/treasury/orders,TreasuryController,/cbs-frontend/src/features/treasury/hooks/useTreasuryData.ts:46; /cbs-frontend/src/features/treasury/api/treasuryApi.ts:16
2,treasury,GET,/v1/treasury/settlement-fails,TreasuryController,/cbs-frontend/src/features/treasury/api/treasuryApi.ts:24
2,treasury,POST,/v1/treasury/confirmations/{}/confirm,TreasuryController,/cbs-frontend/src/features/treasury/api/treasuryApi.ts:23
2,treasury,POST,/v1/treasury/orders,TreasuryController,/cbs-frontend/src/features/treasury/api/treasuryApi.ts:17
2,treasury,POST,/v1/treasury/orders/{}/cancel,TreasuryController,/cbs-frontend/src/features/treasury/api/treasuryApi.ts:18
2,treasury-analytics,POST,/v1/treasury-analytics,TreasuryAnalyticsController,/cbs-frontend/src/features/treasury/api/tradingApi.ts:346
3,compliance,GET,/v1/compliance/assessments,ComplianceController,/cbs-frontend/src/features/compliance/api/complianceApi.ts:64
3,compliance,GET,/v1/compliance/assessments/{},ComplianceController,/cbs-frontend/src/features/compliance/api/complianceApi.ts:65
3,compliance,GET,/v1/compliance/audit-findings,ComplianceController,/cbs-frontend/src/features/compliance/api/complianceApi.ts:69
3,compliance,GET,/v1/compliance/gaps,ComplianceController,/cbs-frontend/src/features/compliance/api/complianceApi.ts:66
3,compliance,GET,/v1/compliance/policies,ComplianceController,/cbs-frontend/src/features/compliance/api/complianceApi.ts:68
3,compliance,GET,/v1/compliance/stats,ComplianceController,/cbs-frontend/src/features/compliance/api/complianceApi.ts:63
3,compliance,POST,/v1/compliance/gaps/{}/status,ComplianceController,/cbs-frontend/src/features/compliance/api/complianceApi.ts:67
3,compliance-reports,POST,/v1/compliance-reports,ComplianceReportsController,/cbs-frontend/src/features/compliance/api/complianceReportApi.ts:67
3,market-data,GET,/v1/market-data/fx-rates,MarketDataController,/cbs-frontend/src/features/treasury/api/treasuryApi.ts:10
3,market-data,GET,/v1/market-data/money-market,MarketDataController,/cbs-frontend/src/features/treasury/hooks/useTreasuryData.ts:38; /cbs-frontend/src/features/treasury/api/treasuryApi.ts:11
3,market-data-switch,POST,/v1/market-data-switch,MarketDataSwitchController,/cbs-frontend/src/features/marketdata/api/marketDataManagementApi.ts:189
3,risk,GET,/v1/risk/liquidity/cashflow-ladder,RiskController,/cbs-frontend/src/features/risk/api/marketRiskApi.ts:99
3,risk,GET,/v1/risk/liquidity/funding-sources,RiskController,/cbs-frontend/src/features/risk/api/marketRiskApi.ts:102
3,risk,GET,/v1/risk/liquidity/hqla,RiskController,/cbs-frontend/src/features/risk/api/marketRiskApi.ts:100
3,risk,GET,/v1/risk/liquidity/ratios,RiskController,/cbs-frontend/src/features/risk/api/marketRiskApi.ts:98
3,risk,GET,/v1/risk/liquidity/stress-projection,RiskController,/cbs-frontend/src/features/risk/api/marketRiskApi.ts:103
3,risk,GET,/v1/risk/liquidity/top-depositors,RiskController,/cbs-frontend/src/features/risk/api/marketRiskApi.ts:101
3,risk,GET,/v1/risk/market/backtest,RiskController,/cbs-frontend/src/features/risk/api/marketRiskApi.ts:97
3,risk,GET,/v1/risk/market/sensitivities,RiskController,/cbs-frontend/src/features/risk/api/marketRiskApi.ts:96
3,risk,GET,/v1/risk/market/stress-tests,RiskController,/cbs-frontend/src/features/risk/api/marketRiskApi.ts:95
3,risk,GET,/v1/risk/market/var-by-factor,RiskController,/cbs-frontend/src/features/risk/api/marketRiskApi.ts:94
3,risk,GET,/v1/risk/market/var-stats,RiskController,/cbs-frontend/src/features/risk/api/marketRiskApi.ts:92
3,risk,GET,/v1/risk/market/var-trend,RiskController,/cbs-frontend/src/features/risk/api/marketRiskApi.ts:93
3,risk,GET,/v1/risk/operational/incidents,RiskController,/cbs-frontend/src/features/risk/api/opriskApi.ts:93
3,risk,GET,/v1/risk/operational/kris,RiskController,/cbs-frontend/src/features/risk/api/opriskApi.ts:89
3,risk,GET,/v1/risk/operational/kris/{},RiskController,/cbs-frontend/src/features/risk/api/opriskApi.ts:90
3,risk,GET,/v1/risk/operational/loss-by-category,RiskController,/cbs-frontend/src/features/risk/api/opriskApi.ts:87
3,risk,GET,/v1/risk/operational/loss-events,RiskController,/cbs-frontend/src/features/risk/api/opriskApi.ts:83
3,risk,GET,/v1/risk/operational/loss-events/{},RiskController,/cbs-frontend/src/features/risk/api/opriskApi.ts:84
3,risk,GET,/v1/risk/operational/loss-trend,RiskController,/cbs-frontend/src/features/risk/api/opriskApi.ts:88
3,risk,GET,/v1/risk/operational/rcsa,RiskController,/cbs-frontend/src/features/risk/api/opriskApi.ts:91
3,risk,GET,/v1/risk/operational/rcsa/{},RiskController,/cbs-frontend/src/features/risk/api/opriskApi.ts:92
3,risk,GET,/v1/risk/operational/stats,RiskController,/cbs-frontend/src/features/risk/api/opriskApi.ts:82
3,risk,POST,/v1/risk/operational/incidents,RiskController,/cbs-frontend/src/features/risk/api/opriskApi.ts:94
3,risk,POST,/v1/risk/operational/loss-events,RiskController,/cbs-frontend/src/features/risk/api/opriskApi.ts:85
3,risk,PUT,/v1/risk/operational/loss-events/{},RiskController,/cbs-frontend/src/features/risk/api/opriskApi.ts:86
4,ach,GET,/v1/ach/inbound,AchController,/cbs-frontend/src/features/payments/api/achApi.ts:90
4,ach,GET,/v1/ach/inbound/{},AchController,/cbs-frontend/src/features/payments/api/achApi.ts:93
4,ach,GET,/v1/ach/outbound,AchController,/cbs-frontend/src/features/payments/api/achApi.ts:77
4,ach,GET,/v1/ach/outbound/{},AchController,/cbs-frontend/src/features/payments/api/achApi.ts:80
4,ach,GET,/v1/ach/outbound/{}/nacha,AchController,/cbs-frontend/src/features/payments/api/achApi.ts:108
4,ach,GET,/v1/ach/returns,AchController,/cbs-frontend/src/features/payments/api/achApi.ts:102
4,ach,GET,/v1/ach/settlement,AchController,/cbs-frontend/src/features/payments/api/achApi.ts:105
4,ach,POST,/v1/ach/inbound/{}/items/{}/post,AchController,/cbs-frontend/src/features/payments/api/achApi.ts:96
4,ach,POST,/v1/ach/inbound/{}/items/{}/return,AchController,/cbs-frontend/src/features/payments/api/achApi.ts:99
4,ach,POST,/v1/ach/outbound,AchController,/cbs-frontend/src/features/payments/api/achApi.ts:83
4,admin,DELETE,/v1/admin/sessions/{},AdminController,/cbs-frontend/src/features/admin/api/userAdminApi.ts:127
4,admin,GET,/v1/admin/billers,AdminController,/cbs-frontend/src/features/payments/api/billPaymentApi.ts:91
4,admin,GET,/v1/admin/login-history,AdminController,/cbs-frontend/src/features/admin/api/userAdminApi.ts:129
4,admin,GET,/v1/admin/permissions,AdminController,/cbs-frontend/src/features/admin/api/userAdminApi.ts:123
4,admin,GET,/v1/admin/providers,AdminController,/cbs-frontend/src/features/admin/api/providerApi.ts:98
4,admin,GET,/v1/admin/providers/costs,AdminController,/cbs-frontend/src/features/admin/api/providerApi.ts:124
4,admin,GET,/v1/admin/providers/sla,AdminController,/cbs-frontend/src/features/admin/api/providerApi.ts:122
4,admin,GET,/v1/admin/providers/{},AdminController,/cbs-frontend/src/features/admin/api/providerApi.ts:100
4,admin,GET,/v1/admin/providers/{}/health-logs,AdminController,/cbs-frontend/src/features/admin/api/providerApi.ts:114; /cbs-frontend/src/features/admin/api/providerApi.ts:116
4,admin,GET,/v1/admin/providers/{}/transactions,AdminController,/cbs-frontend/src/features/admin/api/providerApi.ts:118; /cbs-frontend/src/features/admin/api/providerApi.ts:120
4,admin,GET,/v1/admin/roles,AdminController,/cbs-frontend/src/features/admin/api/userAdminApi.ts:115
4,admin,GET,/v1/admin/roles/{},AdminController,/cbs-frontend/src/features/admin/api/userAdminApi.ts:117
4,admin,GET,/v1/admin/sessions,AdminController,/cbs-frontend/src/features/admin/api/userAdminApi.ts:125
4,admin,GET,/v1/admin/users,AdminController,/cbs-frontend/src/features/admin/api/userAdminApi.ts:97
4,admin,GET,/v1/admin/users/{},AdminController,/cbs-frontend/src/features/admin/api/userAdminApi.ts:99
4,admin,POST,/v1/admin/billers,AdminController,/cbs-frontend/src/features/payments/api/billPaymentApi.ts:93
4,admin,POST,/v1/admin/providers,AdminController,/cbs-frontend/src/features/admin/api/providerApi.ts:102
4,admin,POST,/v1/admin/providers/{}/failover,AdminController,/cbs-frontend/src/features/admin/api/providerApi.ts:108
4,admin,POST,/v1/admin/providers/{}/health-check,AdminController,/cbs-frontend/src/features/admin/api/providerApi.ts:106
4,admin,POST,/v1/admin/providers/{}/suspend,AdminController,/cbs-frontend/src/features/admin/api/providerApi.ts:110
4,admin,POST,/v1/admin/roles,AdminController,/cbs-frontend/src/features/admin/api/userAdminApi.ts:119
4,admin,POST,/v1/admin/users,AdminController,/cbs-frontend/src/features/admin/api/userAdminApi.ts:101
4,admin,POST,/v1/admin/users/{}/disable,AdminController,/cbs-frontend/src/features/admin/api/userAdminApi.ts:105
4,admin,POST,/v1/admin/users/{}/enable,AdminController,/cbs-frontend/src/features/admin/api/userAdminApi.ts:107
4,admin,POST,/v1/admin/users/{}/force-logout,AdminController,/cbs-frontend/src/features/admin/api/userAdminApi.ts:111
4,admin,POST,/v1/admin/users/{}/reset-password,AdminController,/cbs-frontend/src/features/admin/api/userAdminApi.ts:109
4,admin,POST,/v1/admin/users/{}/unlock,AdminController,/cbs-frontend/src/features/admin/api/userAdminApi.ts:113
4,admin,PUT,/v1/admin/billers/{},AdminController,/cbs-frontend/src/features/payments/api/billPaymentApi.ts:95
4,admin,PUT,/v1/admin/providers/{},AdminController,/cbs-frontend/src/features/admin/api/providerApi.ts:104
4,admin,PUT,/v1/admin/providers/{}/failover,AdminController,/cbs-frontend/src/features/admin/api/providerApi.ts:112
4,admin,PUT,/v1/admin/roles/{}/permissions,AdminController,/cbs-frontend/src/features/admin/api/userAdminApi.ts:121
4,admin,PUT,/v1/admin/users/{},AdminController,/cbs-frontend/src/features/admin/api/userAdminApi.ts:103
4,agreement-templates,GET,/v1/agreement-templates,AgreementTemplatesController,/cbs-frontend/src/features/agreements/api/agreementApi.ts:64
4,agreements,GET,/v1/agreements,AgreementsController,/cbs-frontend/src/features/agreements/api/agreementApi.ts:52
4,agreements,GET,/v1/agreements/{},AgreementsController,/cbs-frontend/src/features/agreements/api/agreementApi.ts:54
4,agreements,POST,/v1/agreements,AgreementsController,/cbs-frontend/src/features/agreements/api/agreementApi.ts:56
4,agreements,POST,/v1/agreements/{}/sign,AgreementsController,/cbs-frontend/src/features/agreements/api/agreementApi.ts:58
4,agreements,PUT,/v1/agreements/{},AgreementsController,/cbs-frontend/src/features/agreements/api/agreementApi.ts:62
4,alm,GET,/v1/alm/duration/{},AlmController,/cbs-frontend/src/features/alm/api/almApi.ts:86
4,alm,POST,/v1/alm/gap-report,AlmController,/cbs-frontend/src/features/alm/api/almApi.ts:79
4,alm-full,POST,/v1/alm-full,AlmFullController,/cbs-frontend/src/features/alm/api/almApi.ts:107
4,approvals,GET,/v1/approvals/approvers,ApprovalsController,/cbs-frontend/src/features/operations/components/approvals/DelegationForm.tsx:56; /cbs-frontend/src/features/operations/pages/ApprovalWorkbenchPage.tsx:100
4,approvals,GET,/v1/approvals/delegated-queue,ApprovalsController,/cbs-frontend/src/features/operations/api/approvalApi.ts:85
4,approvals,GET,/v1/approvals/delegations,ApprovalsController,/cbs-frontend/src/features/operations/api/approvalApi.ts:122
4,approvals,GET,/v1/approvals/escalation-rules,ApprovalsController,/cbs-frontend/src/features/operations/api/approvalApi.ts:134
4,approvals,GET,/v1/approvals/history,ApprovalsController,/cbs-frontend/src/features/operations/api/approvalApi.ts:94
4,approvals,GET,/v1/approvals/my-queue,ApprovalsController,/cbs-frontend/src/features/operations/api/approvalApi.ts:77
4,approvals,GET,/v1/approvals/pending,ApprovalsController,/cbs-frontend/src/features/dashboard/widgets/PendingApprovalsWidget.tsx:25
4,approvals,GET,/v1/approvals/stats,ApprovalsController,/cbs-frontend/src/features/operations/api/approvalApi.ts:148
4,approvals,GET,/v1/approvals/team-queue,ApprovalsController,/cbs-frontend/src/features/operations/api/approvalApi.ts:81
4,approvals,GET,/v1/approvals/{},ApprovalsController,/cbs-frontend/src/features/operations/api/approvalApi.ts:98
4,approvals,POST,/v1/approvals/bulk-approve,ApprovalsController,/cbs-frontend/src/features/operations/api/approvalApi.ts:118
4,approvals,POST,/v1/approvals/delegations,ApprovalsController,/cbs-frontend/src/features/operations/api/approvalApi.ts:126
4,approvals,POST,/v1/approvals/delegations/{}/cancel,ApprovalsController,/cbs-frontend/src/features/operations/api/approvalApi.ts:130
4,approvals,POST,/v1/approvals/escalation-rules/{},ApprovalsController,/cbs-frontend/src/features/operations/api/approvalApi.ts:138
4,approvals,POST,/v1/approvals/{}/approve,ApprovalsController,/cbs-frontend/src/features/operations/api/approvalApi.ts:102
4,approvals,POST,/v1/approvals/{}/delegate,ApprovalsController,/cbs-frontend/src/features/operations/api/approvalApi.ts:114
4,approvals,POST,/v1/approvals/{}/reject,ApprovalsController,/cbs-frontend/src/features/operations/api/approvalApi.ts:106
4,approvals,POST,/v1/approvals/{}/return,ApprovalsController,/cbs-frontend/src/features/operations/api/approvalApi.ts:110
4,atm-terminals,GET,/v1/atm-terminals,AtmTerminalsController,/cbs-frontend/src/features/cards/hooks/useCardData.ts:39
4,audit,GET,/v1/audit/related,AuditController,/cbs-frontend/src/features/compliance/api/auditApi.ts:68
4,audit,GET,/v1/audit/search,AuditController,/cbs-frontend/src/features/compliance/api/auditApi.ts:64
4,audit,GET,/v1/audit/sessions/{},AuditController,/cbs-frontend/src/features/compliance/api/auditApi.ts:74
4,audit,GET,/v1/audit/sessions/{}/actions,AuditController,/cbs-frontend/src/features/compliance/api/auditApi.ts:76
4,audit,GET,/v1/audit/summary,AuditController,/cbs-frontend/src/features/compliance/api/auditApi.ts:65
4,audit,GET,/v1/audit/user-activity,AuditController,/cbs-frontend/src/features/compliance/api/auditApi.ts:70
4,audit,GET,/v1/audit/user-heatmap,AuditController,/cbs-frontend/src/features/compliance/api/auditApi.ts:72
4,audit,GET,/v1/audit/{},AuditController,/cbs-frontend/src/features/compliance/api/auditApi.ts:66
4,banks,GET,/v1/banks/swift,BanksController,/cbs-frontend/src/features/payments/api/internationalPaymentApi.ts:86
4,bills,GET,/v1/bills/categories,BillsController,/cbs-frontend/src/features/payments/api/billPaymentApi.ts:76
4,bills,GET,/v1/bills/categories/{}/billers,BillsController,/cbs-frontend/src/features/payments/api/billPaymentApi.ts:78
4,bills,GET,/v1/bills/favorites,BillsController,/cbs-frontend/src/features/payments/api/billPaymentApi.ts:84
4,bills,POST,/v1/bills/favorites,BillsController,/cbs-frontend/src/features/payments/api/billPaymentApi.ts:86
4,bills,POST,/v1/bills/favorites/{}/remove,BillsController,/cbs-frontend/src/features/payments/api/billPaymentApi.ts:88
4,bills,POST,/v1/bills/pay,BillsController,/cbs-frontend/src/features/payments/api/billPaymentApi.ts:82
4,bills,POST,/v1/bills/validate,BillsController,/cbs-frontend/src/features/payments/api/billPaymentApi.ts:80
4,branches,GET,/v1/branches,BranchesController,/cbs-frontend/src/features/operations/api/branchOpsApi.ts:121
4,branches,GET,/v1/branches/{}/queue/history,BranchesController,/cbs-frontend/src/features/operations/api/branchOpsApi.ts:133
4,branches,GET,/v1/branches/{}/queue/live,BranchesController,/cbs-frontend/src/features/operations/api/branchOpsApi.ts:129
4,branches,POST,/v1/branches/{}/facilities,BranchesController,/cbs-frontend/src/features/operations/api/branchOpsApi.ts:169
4,branches,POST,/v1/branches/{}/queue/call-next,BranchesController,/cbs-frontend/src/features/operations/api/branchOpsApi.ts:141
4,branches,POST,/v1/branches/{}/queue/issue,BranchesController,/cbs-frontend/src/features/operations/api/branchOpsApi.ts:137
4,branches,POST,/v1/branches/{}/queue/{}/complete,BranchesController,/cbs-frontend/src/features/operations/api/branchOpsApi.ts:145
4,branches,POST,/v1/branches/{}/queue/{}/no-show,BranchesController,/cbs-frontend/src/features/operations/api/branchOpsApi.ts:149
4,branches,POST,/v1/branches/{}/schedule,BranchesController,/cbs-frontend/src/features/operations/api/branchOpsApi.ts:157
4,branches,POST,/v1/branches/{}/schedule/swap,BranchesController,/cbs-frontend/src/features/operations/api/branchOpsApi.ts:161
4,card-switch,GET,/v1/card-switch,CardSwitchController,/cbs-frontend/src/features/cards/hooks/useCardData.ts:25; /cbs-frontend/src/features/cards/api/cardApi.ts:13
4,cases,GET,/v1/cases,CasesController,/cbs-frontend/src/features/cases/api/caseApi.ts:66
4,cases,POST,/v1/cases,CasesController,/cbs-frontend/src/features/cases/api/caseApi.ts:70
4,cash-pools,GET,/v1/cash-pools,CashPoolsController,/cbs-frontend/src/features/accounts/api/cashPoolApi.ts:45
4,cash-pools,GET,/v1/cash-pools/{},CashPoolsController,/cbs-frontend/src/features/accounts/api/cashPoolApi.ts:49
4,cash-pools,PATCH,/v1/cash-pools/{}/participants/{},CashPoolsController,/cbs-frontend/src/features/accounts/api/cashPoolApi.ts:65
4,cash-pools,POST,/v1/cash-pools,CashPoolsController,/cbs-frontend/src/features/accounts/api/cashPoolApi.ts:53
4,cheques,GET,/v1/cheques/books,ChequesController,/cbs-frontend/src/features/payments/api/chequeApi.ts:94
4,cheques,GET,/v1/cheques/books/{},ChequesController,/cbs-frontend/src/features/payments/api/chequeApi.ts:97
4,cheques,GET,/v1/cheques/clearing,ChequesController,/cbs-frontend/src/features/payments/api/chequeApi.ts:108
4,cheques,GET,/v1/cheques/returns,ChequesController,/cbs-frontend/src/features/payments/api/chequeApi.ts:126
4,cheques,GET,/v1/cheques/stop-payments,ChequesController,/cbs-frontend/src/features/payments/api/chequeApi.ts:120
4,cheques,POST,/v1/cheques/clearing/{}/clear,ChequesController,/cbs-frontend/src/features/payments/api/chequeApi.ts:111
4,cheques,POST,/v1/cheques/clearing/{}/hold,ChequesController,/cbs-frontend/src/features/payments/api/chequeApi.ts:117
4,cheques,POST,/v1/cheques/clearing/{}/return,ChequesController,/cbs-frontend/src/features/payments/api/chequeApi.ts:114
4,cheques,POST,/v1/cheques/stop-payments,ChequesController,/cbs-frontend/src/features/payments/api/chequeApi.ts:123
4,collaterals,GET,/v1/collaterals,CollateralsController,/cbs-frontend/src/features/lending/api/collateralApi.ts:6
4,collaterals,GET,/v1/collaterals/{},CollateralsController,/cbs-frontend/src/features/lending/api/collateralApi.ts:9
4,collaterals,GET,/v1/collaterals/{}/valuation-history,CollateralsController,/cbs-frontend/src/features/lending/api/collateralApi.ts:12
4,collaterals,PATCH,/v1/collaterals/{}/insurance,CollateralsController,/cbs-frontend/src/features/lending/api/collateralApi.ts:21
4,collaterals,POST,/v1/collaterals,CollateralsController,/cbs-frontend/src/features/lending/api/collateralApi.ts:15
4,collaterals,POST,/v1/collaterals/{}/perfect,CollateralsController,/cbs-frontend/src/features/lending/api/collateralApi.ts:24
4,collaterals,POST,/v1/collaterals/{}/release,CollateralsController,/cbs-frontend/src/features/lending/api/collateralApi.ts:27
4,collaterals,POST,/v1/collaterals/{}/request-valuation,CollateralsController,/cbs-frontend/src/features/lending/api/collateralApi.ts:18
4,collections,GET,/v1/collections/cases,CollectionsController,/cbs-frontend/src/features/lending/api/collectionsApi.ts:17
4,collections,GET,/v1/collections/cases/{},CollectionsController,/cbs-frontend/src/features/lending/api/collectionsApi.ts:19
4,collections,GET,/v1/collections/dpd-aging,CollectionsController,/cbs-frontend/src/features/lending/api/collectionsApi.ts:14
4,collections,GET,/v1/collections/dunning-queue,CollectionsController,/cbs-frontend/src/features/lending/api/collectionsApi.ts:22
4,collections,GET,/v1/collections/recovery,CollectionsController,/cbs-frontend/src/features/lending/api/collectionsApi.ts:39
4,collections,GET,/v1/collections/stats,CollectionsController,/cbs-frontend/src/features/lending/api/collectionsApi.ts:12
4,collections,GET,/v1/collections/write-off-requests,CollectionsController,/cbs-frontend/src/features/lending/api/collectionsApi.ts:28
4,collections,POST,/v1/collections/dunning-queue/{}/outcome,CollectionsController,/cbs-frontend/src/features/lending/api/collectionsApi.ts:25
4,collections,POST,/v1/collections/recovery,CollectionsController,/cbs-frontend/src/features/lending/api/collectionsApi.ts:47
4,collections,POST,/v1/collections/write-off-requests,CollectionsController,/cbs-frontend/src/features/lending/api/collectionsApi.ts:36
4,communication-templates,GET,/v1/communication-templates,CommunicationTemplatesController,/cbs-frontend/src/features/communications/api/communicationApi.ts:59
4,communication-templates,POST,/v1/communication-templates,CommunicationTemplatesController,/cbs-frontend/src/features/communications/api/communicationApi.ts:61
4,communication-templates,PUT,/v1/communication-templates/{},CommunicationTemplatesController,/cbs-frontend/src/features/communications/api/communicationApi.ts:63
4,communications,GET,/v1/communications,CommunicationsController,/cbs-frontend/src/features/communications/api/communicationApi.ts:53
4,communications,GET,/v1/communications/customer/{},CommunicationsController,/cbs-frontend/src/features/communications/api/communicationApi.ts:51
4,communications,GET,/v1/communications/preferences/{},CommunicationsController,/cbs-frontend/src/features/communications/api/communicationApi.ts:65
4,communications,GET,/v1/communications/stats,CommunicationsController,/cbs-frontend/src/features/communications/api/communicationApi.ts:69
4,communications,POST,/v1/communications,CommunicationsController,/cbs-frontend/src/features/communications/api/communicationApi.ts:55
4,communications,POST,/v1/communications/schedule,CommunicationsController,/cbs-frontend/src/features/communications/api/communicationApi.ts:57
4,communications,PUT,/v1/communications/preferences/{},CommunicationsController,/cbs-frontend/src/features/communications/api/communicationApi.ts:67
4,contact-center,GET,/v1/contact-center/agents,ContactCenterController,/cbs-frontend/src/features/contactcenter/api/contactCenterApi.ts:33
4,contact-center,GET,/v1/contact-center/queues,ContactCenterController,/cbs-frontend/src/features/contactcenter/api/contactCenterApi.ts:36
4,contact-center,POST,/v1/contact-center/agents/{}/state,ContactCenterController,/cbs-frontend/src/features/contactcenter/api/contactCenterApi.ts:34
4,contact-center,POST,/v1/contact-center/callbacks,ContactCenterController,/cbs-frontend/src/features/contactcenter/api/contactCenterApi.ts:42
4,contact-center,POST,/v1/contact-center/interactions/{}/dispose,ContactCenterController,/cbs-frontend/src/features/contactcenter/api/contactCenterApi.ts:41
4,corporate-finance,POST,/v1/corporate-finance,CorporateFinanceController,/cbs-frontend/src/features/advisory/api/advisoryApi.ts:306
4,credit-facilities,GET,/v1/credit-facilities,CreditFacilitiesController,/cbs-frontend/src/features/lending/api/facilityApi.ts:13
4,credit-facilities,GET,/v1/credit-facilities/{},CreditFacilitiesController,/cbs-frontend/src/features/lending/api/facilityApi.ts:16
4,credit-facilities,GET,/v1/credit-facilities/{}/covenants,CreditFacilitiesController,/cbs-frontend/src/features/lending/api/facilityApi.ts:28
4,credit-facilities,GET,/v1/credit-facilities/{}/drawdowns,CreditFacilitiesController,/cbs-frontend/src/features/lending/api/facilityApi.ts:22
4,credit-facilities,GET,/v1/credit-facilities/{}/sub-limits,CreditFacilitiesController,/cbs-frontend/src/features/lending/api/facilityApi.ts:19
4,credit-facilities,GET,/v1/credit-facilities/{}/utilization-history,CreditFacilitiesController,/cbs-frontend/src/features/lending/api/facilityApi.ts:25
4,credit-facilities,POST,/v1/credit-facilities/{}/drawdowns,CreditFacilitiesController,/cbs-frontend/src/features/lending/api/facilityApi.ts:31
4,custody,POST,/v1/custody,CustodyController,/cbs-frontend/src/features/custody/api/custodyApi.ts:63
4,dashboard,GET,/v1/dashboard/charts/monthly-volume,DashboardController,/cbs-frontend/src/features/dashboard/widgets/LineChartWidget.tsx:15
4,dashboard,GET,/v1/dashboard/recent-transactions,DashboardController,/cbs-frontend/src/features/dashboard/widgets/RecentTransactionsWidget.tsx:22
4,dashboard,GET,/v1/dashboard/stats,DashboardController,/cbs-frontend/src/features/dashboard/api/dashboardApi.ts:88
4,dealer-desks,GET,/v1/dealer-desks,DealerDesksController,/cbs-frontend/src/features/dashboard/api/dashboardApi.ts:94; /cbs-frontend/src/features/treasury/api/tradingApi.ts:352
4,deposits,GET,/v1/deposits/fixed,DepositsController,/cbs-frontend/src/features/deposits/api/fixedDepositApi.ts:83
4,deposits,GET,/v1/deposits/fixed/rates,DepositsController,/cbs-frontend/src/features/deposits/api/fixedDepositApi.ts:92
4,deposits,GET,/v1/deposits/fixed/stats,DepositsController,/cbs-frontend/src/features/deposits/api/fixedDepositApi.ts:107
4,deposits,GET,/v1/deposits/fixed/{},DepositsController,/cbs-frontend/src/features/deposits/api/fixedDepositApi.ts:86
4,deposits,GET,/v1/deposits/fixed/{}/early-withdrawal,DepositsController,/cbs-frontend/src/features/deposits/api/fixedDepositApi.ts:98
4,deposits,PATCH,/v1/deposits/fixed/{}/maturity-instruction,DepositsController,/cbs-frontend/src/features/deposits/api/fixedDepositApi.ts:104
4,deposits,POST,/v1/deposits/fixed,DepositsController,/cbs-frontend/src/features/deposits/api/fixedDepositApi.ts:89
4,deposits,POST,/v1/deposits/fixed/calculate,DepositsController,/cbs-frontend/src/features/deposits/api/fixedDepositApi.ts:95
4,deposits,POST,/v1/deposits/fixed/{}/liquidate,DepositsController,/cbs-frontend/src/features/deposits/api/fixedDepositApi.ts:101
4,direct-debits,GET,/v1/direct-debits,DirectDebitsController,/cbs-frontend/src/features/payments/api/standingOrderApi.ts:73
4,direct-debits,POST,/v1/direct-debits,DirectDebitsController,/cbs-frontend/src/features/payments/api/standingOrderApi.ts:75
4,direct-debits,POST,/v1/direct-debits/{}/revoke,DirectDebitsController,/cbs-frontend/src/features/payments/api/standingOrderApi.ts:77
4,documents,GET,/v1/documents,DocumentsController,/cbs-frontend/src/features/operations/api/documentApi.ts:86
4,documents,GET,/v1/documents/ocr-queue/{},DocumentsController,/cbs-frontend/src/features/operations/api/documentApi.ts:126
4,documents,POST,/v1/documents/ocr-queue/{}/correct,DocumentsController,/cbs-frontend/src/features/operations/api/documentApi.ts:130
4,documents,POST,/v1/documents/ocr-queue/{}/verify,DocumentsController,/cbs-frontend/src/features/operations/api/documentApi.ts:134
4,documents,POST,/v1/documents/retention-check,DocumentsController,/cbs-frontend/src/features/operations/api/documentApi.ts:161
4,documents,POST,/v1/documents/templates/{}/generate,DocumentsController,/cbs-frontend/src/features/operations/api/documentApi.ts:146
4,documents,POST,/v1/documents/upload,DocumentsController,/cbs-frontend/src/features/operations/api/documentApi.ts:102
4,documents,POST,/v1/documents/{}/delete,DocumentsController,/cbs-frontend/src/features/operations/api/documentApi.ts:106
4,documents,POST,/v1/documents/{}/link,DocumentsController,/cbs-frontend/src/features/operations/api/documentApi.ts:118
4,documents,POST,/v1/documents/{}/tags,DocumentsController,/cbs-frontend/src/features/operations/api/documentApi.ts:110
4,eod,GET,/v1/eod/duration-trend,EodController,/cbs-frontend/src/features/operations/api/eodApi.ts:99
4,eod,GET,/v1/eod/history,EodController,/cbs-frontend/src/features/operations/api/eodApi.ts:95
4,eod,GET,/v1/eod/runs/{}/logs,EodController,/cbs-frontend/src/features/operations/api/eodApi.ts:79
4,eod,GET,/v1/eod/runs/{}/steps,EodController,/cbs-frontend/src/features/operations/api/eodApi.ts:75
4,eod,GET,/v1/eod/schedule,EodController,/cbs-frontend/src/features/operations/api/eodApi.ts:103
4,eod,GET,/v1/eod/status,EodController,/cbs-frontend/src/features/operations/api/eodApi.ts:67
4,eod,POST,/v1/eod/runs/{}/rollback,EodController,/cbs-frontend/src/features/operations/api/eodApi.ts:91
4,eod,POST,/v1/eod/runs/{}/steps/{}/retry,EodController,/cbs-frontend/src/features/operations/api/eodApi.ts:83
4,eod,POST,/v1/eod/runs/{}/steps/{}/skip,EodController,/cbs-frontend/src/features/operations/api/eodApi.ts:87
4,eod,POST,/v1/eod/trigger,EodController,/cbs-frontend/src/features/operations/api/eodApi.ts:71
4,eod,PUT,/v1/eod/schedule,EodController,/cbs-frontend/src/features/operations/api/eodApi.ts:107
4,fees,GET,/v1/fees/definitions,FeesController,/cbs-frontend/src/features/fees/api/feeApi.ts:132
4,fees,GET,/v1/fees/history/account/{},FeesController,/cbs-frontend/src/features/fees/api/feeApi.ts:219
4,fees,GET,/v1/fees/preview/{},FeesController,/cbs-frontend/src/features/fees/api/feeApi.ts:156
4,fees,POST,/v1/fees/definitions,FeesController,/cbs-frontend/src/features/fees/api/feeApi.ts:146
4,fraud,PATCH,/v1/fraud/rules/{}/toggle,FraudController,/cbs-frontend/src/features/risk/api/fraudApi.ts:40
4,fraud,POST,/v1/fraud/alerts/{}/allow,FraudController,/cbs-frontend/src/features/risk/api/fraudApi.ts:28
4,fraud,POST,/v1/fraud/alerts/{}/block-account,FraudController,/cbs-frontend/src/features/risk/api/fraudApi.ts:25
4,fraud,POST,/v1/fraud/alerts/{}/block-card,FraudController,/cbs-frontend/src/features/risk/api/fraudApi.ts:22
4,fraud,POST,/v1/fraud/alerts/{}/dismiss,FraudController,/cbs-frontend/src/features/risk/api/fraudApi.ts:31
4,fraud,POST,/v1/fraud/alerts/{}/file-case,FraudController,/cbs-frontend/src/features/risk/api/fraudApi.ts:34
4,funds,POST,/v1/funds,FundsController,/cbs-frontend/src/features/capitalmarkets/api/capitalMarketsApi.ts:303
4,fx,GET,/v1/fx/rate,FxController,/cbs-frontend/src/features/payments/api/internationalPaymentApi.ts:74
4,gateway,GET,/v1/gateway/messages,GatewayController,/cbs-frontend/src/features/gateway/api/gatewayApi.ts:82
4,gateway,GET,/v1/gateway/messages/{},GatewayController,/cbs-frontend/src/features/gateway/api/gatewayApi.ts:85
4,gateway,GET,/v1/gateway/stats,GatewayController,/cbs-frontend/src/features/gateway/api/gatewayApi.ts:76
4,gateway,GET,/v1/gateway/status,GatewayController,/cbs-frontend/src/features/gateway/api/gatewayApi.ts:100
4,gateway,GET,/v1/gateway/swift,GatewayController,/cbs-frontend/src/features/gateway/api/gatewayApi.ts:103
4,gateway,GET,/v1/gateway/swift/{},GatewayController,/cbs-frontend/src/features/gateway/api/gatewayApi.ts:106
4,gateway,GET,/v1/gateway/throughput,GatewayController,/cbs-frontend/src/features/gateway/api/gatewayApi.ts:79
4,gateway,POST,/v1/gateway/messages/retry-all-failed,GatewayController,/cbs-frontend/src/features/gateway/api/gatewayApi.ts:97
4,gateway,POST,/v1/gateway/messages/{}/cancel,GatewayController,/cbs-frontend/src/features/gateway/api/gatewayApi.ts:91
4,gateway,POST,/v1/gateway/messages/{}/override,GatewayController,/cbs-frontend/src/features/gateway/api/gatewayApi.ts:94
4,gateway,POST,/v1/gateway/messages/{}/retry,GatewayController,/cbs-frontend/src/features/gateway/api/gatewayApi.ts:88
4,gl,GET,/v1/gl/accounts,GlController,/cbs-frontend/src/features/operations/api/glApi.ts:112
4,gl,GET,/v1/gl/balances,GlController,/cbs-frontend/src/features/operations/api/glApi.ts:120
4,gl,GET,/v1/gl/line-item-accounts,GlController,/cbs-frontend/src/features/reports/components/financial/BalanceSheetReport.tsx:29
4,gl,GET,/v1/gl/reconciliation,GlController,/cbs-frontend/src/features/operations/api/glApi.ts:140
4,gl,GET,/v1/gl/trial-balance,GlController,/cbs-frontend/src/features/operations/api/glApi.ts:136
4,gl,POST,/v1/gl/journals,GlController,/cbs-frontend/src/features/operations/api/glApi.ts:132
4,goals,GET,/v1/goals,GoalsController,/cbs-frontend/src/features/goals/api/goalApi.ts:57
4,goals,GET,/v1/goals/recurring-deposits,GoalsController,/cbs-frontend/src/features/goals/api/goalApi.ts:81
4,goals,GET,/v1/goals/recurring-deposits/{},GoalsController,/cbs-frontend/src/features/goals/api/goalApi.ts:85
4,goals,GET,/v1/goals/{},GoalsController,/cbs-frontend/src/features/goals/api/goalApi.ts:61
4,goals,GET,/v1/goals/{}/contributions,GoalsController,/cbs-frontend/src/features/goals/api/goalApi.ts:77
4,goals,POST,/v1/goals,GoalsController,/cbs-frontend/src/features/goals/api/goalApi.ts:65
4,goals,POST,/v1/goals/{}/auto-debit,GoalsController,/cbs-frontend/src/features/goals/api/goalApi.ts:73
4,goals,POST,/v1/goals/{}/contribute,GoalsController,/cbs-frontend/src/features/goals/api/goalApi.ts:69
4,investment-portfolios,POST,/v1/investment-portfolios,InvestmentPortfoliosController,/cbs-frontend/src/features/capitalmarkets/api/capitalMarketsApi.ts:289
4,leases,GET,/v1/leases,LeasesController,/cbs-frontend/src/features/lending/api/leaseApi.ts:6
4,leases,GET,/v1/leases/{},LeasesController,/cbs-frontend/src/features/lending/api/leaseApi.ts:8
4,ma-advisory,POST,/v1/ma-advisory,MaAdvisoryController,/cbs-frontend/src/features/advisory/api/advisoryApi.ts:340
4,market-analysis,POST,/v1/market-analysis,MarketAnalysisController,/cbs-frontend/src/features/marketdata/api/marketDataManagementApi.ts:214
4,market-orders,POST,/v1/market-orders,MarketOrdersController,/cbs-frontend/src/features/treasury/api/tradingApi.ts:390
4,market-research,POST,/v1/market-research,MarketResearchController,/cbs-frontend/src/features/marketdata/api/marketDataManagementApi.ts:235
4,merchants,GET,/v1/merchants,MerchantsController,/cbs-frontend/src/features/cards/hooks/useCardData.ts:32; /cbs-frontend/src/features/cards/api/cardApi.ts:15
4,merchants,POST,/v1/merchants,MerchantsController,/cbs-frontend/src/features/cards/api/cardApi.ts:17; /cbs-frontend/src/features/acquiring/api/acquiringApi.ts:102
4,mortgages,GET,/v1/mortgages,MortgagesController,/cbs-frontend/src/features/lending/api/mortgageApi.ts:6
4,notifications,GET,/v1/notifications,NotificationsController,/cbs-frontend/src/features/notifications/api/notificationApi.ts:5
4,notifications,GET,/v1/notifications/channels,NotificationsController,/cbs-frontend/src/features/admin/api/notificationAdminApi.ts:113
4,notifications,GET,/v1/notifications/delivery-stats,NotificationsController,/cbs-frontend/src/features/admin/api/notificationAdminApi.ts:125
4,notifications,GET,/v1/notifications/failures,NotificationsController,/cbs-frontend/src/features/admin/api/notificationAdminApi.ts:129
4,notifications,GET,/v1/notifications/scheduled,NotificationsController,/cbs-frontend/src/features/admin/api/notificationAdminApi.ts:133
4,notifications,GET,/v1/notifications/templates/{},NotificationsController,/cbs-frontend/src/features/admin/api/notificationAdminApi.ts:89
4,notifications,GET,/v1/notifications/templates/{}/versions,NotificationsController,/cbs-frontend/src/features/admin/api/notificationAdminApi.ts:109
4,notifications,GET,/v1/notifications/unread-count,NotificationsController,/cbs-frontend/src/features/notifications/api/notificationApi.ts:6
4,notifications,POST,/v1/notifications/channels/{},NotificationsController,/cbs-frontend/src/features/admin/api/notificationAdminApi.ts:117
4,notifications,POST,/v1/notifications/channels/{}/test,NotificationsController,/cbs-frontend/src/features/admin/api/notificationAdminApi.ts:121
4,notifications,POST,/v1/notifications/mark-all-read,NotificationsController,/cbs-frontend/src/features/notifications/api/notificationApi.ts:8
4,notifications,POST,/v1/notifications/scheduled,NotificationsController,/cbs-frontend/src/features/admin/api/notificationAdminApi.ts:137
4,notifications,POST,/v1/notifications/scheduled/{}/toggle,NotificationsController,/cbs-frontend/src/features/admin/api/notificationAdminApi.ts:141
4,notifications,POST,/v1/notifications/templates/{},NotificationsController,/cbs-frontend/src/features/admin/api/notificationAdminApi.ts:97
4,notifications,POST,/v1/notifications/templates/{}/archive,NotificationsController,/cbs-frontend/src/features/admin/api/notificationAdminApi.ts:105
4,notifications,POST,/v1/notifications/templates/{}/publish,NotificationsController,/cbs-frontend/src/features/admin/api/notificationAdminApi.ts:101
4,notifications,POST,/v1/notifications/{}/delete,NotificationsController,/cbs-frontend/src/features/notifications/api/notificationApi.ts:9
4,notifications,POST,/v1/notifications/{}/read,NotificationsController,/cbs-frontend/src/features/notifications/api/notificationApi.ts:7
4,parameters,GET,/v1/parameters,ParametersController,/cbs-frontend/src/features/admin/api/parameterApi.ts:110
4,parameters,GET,/v1/parameters/feature-flags,ParametersController,/cbs-frontend/src/features/admin/api/parameterApi.ts:122
4,parameters,GET,/v1/parameters/lookup-codes,ParametersController,/cbs-frontend/src/features/admin/api/parameterApi.ts:137
4,parameters,GET,/v1/parameters/rate-tables,ParametersController,/cbs-frontend/src/features/admin/api/parameterApi.ts:128
4,parameters,GET,/v1/parameters/rate-tables/{},ParametersController,/cbs-frontend/src/features/admin/api/parameterApi.ts:131
4,parameters,GET,/v1/parameters/system-info,ParametersController,/cbs-frontend/src/features/admin/api/parameterApi.ts:146
4,parameters,GET,/v1/parameters/{},ParametersController,/cbs-frontend/src/features/admin/api/parameterApi.ts:113
4,parameters,GET,/v1/parameters/{}/history,ParametersController,/cbs-frontend/src/features/admin/api/parameterApi.ts:119
4,parameters,POST,/v1/parameters/feature-flags/{},ParametersController,/cbs-frontend/src/features/admin/api/parameterApi.ts:125
4,parameters,POST,/v1/parameters/lookup-codes,ParametersController,/cbs-frontend/src/features/admin/api/parameterApi.ts:140
4,parameters,POST,/v1/parameters/lookup-codes/{},ParametersController,/cbs-frontend/src/features/admin/api/parameterApi.ts:143
4,parameters,POST,/v1/parameters/rate-tables/{},ParametersController,/cbs-frontend/src/features/admin/api/parameterApi.ts:134
4,parameters,POST,/v1/parameters/{},ParametersController,/cbs-frontend/src/features/admin/api/parameterApi.ts:116
4,portal,DELETE,/v1/portal/beneficiaries/{},PortalController,/cbs-frontend/src/features/portal/api/portalApi.ts:69
4,portal,GET,/v1/portal/accounts,PortalController,/cbs-frontend/src/features/portal/api/portalApi.ts:56
4,portal,GET,/v1/portal/accounts/{}/transactions,PortalController,/cbs-frontend/src/features/portal/api/portalApi.ts:58
4,portal,GET,/v1/portal/beneficiaries,PortalController,/cbs-frontend/src/features/portal/api/portalApi.ts:65
4,portal,GET,/v1/portal/cards,PortalController,/cbs-frontend/src/features/portal/api/portalApi.ts:72
4,portal,GET,/v1/portal/service-requests,PortalController,/cbs-frontend/src/features/portal/api/portalApi.ts:79
4,portal,GET,/v1/portal/service-requests/types,PortalController,/cbs-frontend/src/features/portal/api/portalApi.ts:83
4,portal,GET,/v1/portal/transactions/recent,PortalController,/cbs-frontend/src/features/portal/api/portalApi.ts:60
4,portal,POST,/v1/portal/beneficiaries,PortalController,/cbs-frontend/src/features/portal/api/portalApi.ts:67
4,portal,POST,/v1/portal/cards/{}/block,PortalController,/cbs-frontend/src/features/portal/api/portalApi.ts:76
4,portal,POST,/v1/portal/cards/{}/controls,PortalController,/cbs-frontend/src/features/portal/api/portalApi.ts:74
4,portal,POST,/v1/portal/service-requests,PortalController,/cbs-frontend/src/features/portal/api/portalApi.ts:81
4,pos-terminals,GET,/v1/pos-terminals,PosTerminalsController,/cbs-frontend/src/features/cards/api/cardApi.ts:19
4,private-placements,POST,/v1/private-placements,PrivatePlacementsController,/cbs-frontend/src/features/capitalmarkets/api/capitalMarketsApi.ts:263
4,products,GET,/v1/products,ProductsController,/cbs-frontend/src/features/admin/api/productApi.ts:99
4,products,GET,/v1/products/bundles,ProductsController,/cbs-frontend/src/features/admin/api/productApi.ts:123
4,products,GET,/v1/products/{},ProductsController,/cbs-frontend/src/features/admin/api/productApi.ts:103
4,products,GET,/v1/products/{}/accounts,ProductsController,/cbs-frontend/src/features/admin/pages/ProductDetailPage.tsx:156
4,products,GET,/v1/products/{}/versions,ProductsController,/cbs-frontend/src/features/admin/api/productApi.ts:131
4,products,POST,/v1/products,ProductsController,/cbs-frontend/src/features/admin/api/productApi.ts:107
4,products,POST,/v1/products/bundles,ProductsController,/cbs-frontend/src/features/admin/api/productApi.ts:127
4,products,POST,/v1/products/{},ProductsController,/cbs-frontend/src/features/admin/api/productApi.ts:111
4,products,POST,/v1/products/{}/publish,ProductsController,/cbs-frontend/src/features/admin/api/productApi.ts:115
4,products,POST,/v1/products/{}/retire,ProductsController,/cbs-frontend/src/features/admin/api/productApi.ts:119
4,project-finance,GET,/v1/project-finance,ProjectFinanceController,/cbs-frontend/src/features/lending/api/syndicationApi.ts:31
4,project-finance,GET,/v1/project-finance/{},ProjectFinanceController,/cbs-frontend/src/features/lending/api/syndicationApi.ts:32
4,project-finance,POST,/v1/project-finance,ProjectFinanceController,/cbs-frontend/src/features/advisory/api/advisoryApi.ts:324
4,reconciliation,GET,/v1/reconciliation/nostro-accounts,ReconciliationController,/cbs-frontend/src/features/reconciliation/api/reconciliationApi.ts:56
4,reconciliation,GET,/v1/reconciliation/sessions,ReconciliationController,/cbs-frontend/src/features/reconciliation/api/reconciliationApi.ts:63
4,reconciliation,POST,/v1/reconciliation/sessions/{}/auto-match,ReconciliationController,/cbs-frontend/src/features/reconciliation/api/reconciliationApi.ts:74
4,reconciliation,POST,/v1/reconciliation/sessions/{}/manual-match,ReconciliationController,/cbs-frontend/src/features/reconciliation/api/reconciliationApi.ts:82
4,reconciliation,POST,/v1/reconciliation/sessions/{}/write-off,ReconciliationController,/cbs-frontend/src/features/reconciliation/api/reconciliationApi.ts:90
4,reconciliation,POST,/v1/reconciliation/upload-statement,ReconciliationController,/cbs-frontend/src/features/reconciliation/api/reconciliationApi.ts:70
4,reports,DELETE,/v1/reports/custom/{},ReportsController,/cbs-frontend/src/features/reports/api/reportBuilderApi.ts:104
4,reports,GET,/v1/reports/custom,ReportsController,/cbs-frontend/src/features/reports/api/reportBuilderApi.ts:92
4,reports,GET,/v1/reports/custom/data-sources,ReportsController,/cbs-frontend/src/features/reports/api/reportBuilderApi.ts:110
4,reports,GET,/v1/reports/custom/{},ReportsController,/cbs-frontend/src/features/reports/api/reportBuilderApi.ts:95
4,reports,GET,/v1/reports/executive/kpis,ReportsController,/cbs-frontend/src/features/reports/api/executiveReportApi.ts:82
4,reports,GET,/v1/reports/marketing/campaigns/{},ReportsController,/cbs-frontend/src/features/reports/api/marketingAnalyticsApi.ts:82
4,reports,POST,/v1/reports/custom,ReportsController,/cbs-frontend/src/features/reports/api/reportBuilderApi.ts:98
4,reports,POST,/v1/reports/custom/preview,ReportsController,/cbs-frontend/src/features/reports/api/reportBuilderApi.ts:116
4,reports,POST,/v1/reports/custom/{}/run,ReportsController,/cbs-frontend/src/features/reports/api/reportBuilderApi.ts:107
4,reports,POST,/v1/reports/custom/{}/share,ReportsController,/cbs-frontend/src/features/reports/api/reportBuilderApi.ts:113
4,reports,PUT,/v1/reports/custom/{},ReportsController,/cbs-frontend/src/features/reports/api/reportBuilderApi.ts:101
4,sanctions,POST,/v1/sanctions/matches/{}/confirm,SanctionsController,/cbs-frontend/src/features/risk/api/sanctionsApi.ts:16
4,sanctions,POST,/v1/sanctions/matches/{}/false-positive,SanctionsController,/cbs-frontend/src/features/risk/api/sanctionsApi.ts:19
4,sanctions,POST,/v1/sanctions/watchlists/{}/update,SanctionsController,/cbs-frontend/src/features/risk/api/sanctionsApi.ts:25
4,securities-positions,GET,/v1/securities-positions,SecuritiesPositionsController,/cbs-frontend/src/features/treasury/hooks/useTreasuryData.ts:8
4,service-points,POST,/v1/service-points,ServicePointsController,/cbs-frontend/src/features/channels/api/channelApi.ts:111
4,statements,GET,/v1/statements/certificate,StatementsController,/cbs-frontend/src/features/statements/api/statementApi.ts:142
4,statements,GET,/v1/statements/confirmation,StatementsController,/cbs-frontend/src/features/statements/api/statementApi.ts:145
4,statements,GET,/v1/statements/download,StatementsController,/cbs-frontend/src/features/statements/api/statementApi.ts:136
4,statements,GET,/v1/statements/subscriptions,StatementsController,/cbs-frontend/src/features/statements/api/statementApi.ts:148
4,statements,POST,/v1/statements/email,StatementsController,/cbs-frontend/src/features/statements/api/statementApi.ts:139
4,statements,POST,/v1/statements/generate,StatementsController,/cbs-frontend/src/features/statements/api/statementApi.ts:130; /cbs-frontend/src/features/statements/api/statementApi.ts:133
4,statements,POST,/v1/statements/subscriptions,StatementsController,/cbs-frontend/src/features/statements/api/statementApi.ts:151
4,statements,POST,/v1/statements/subscriptions/{},StatementsController,/cbs-frontend/src/features/statements/api/statementApi.ts:154
4,statements,POST,/v1/statements/subscriptions/{}/delete,StatementsController,/cbs-frontend/src/features/statements/api/statementApi.ts:157
4,syndication,GET,/v1/syndication,SyndicationController,/cbs-frontend/src/features/lending/api/syndicationApi.ts:27
4,syndication,GET,/v1/syndication/{},SyndicationController,/cbs-frontend/src/features/lending/api/syndicationApi.ts:28
4,syndication,GET,/v1/syndication/{}/participants,SyndicationController,/cbs-frontend/src/features/lending/api/syndicationApi.ts:29
4,tax-advisory,POST,/v1/tax-advisory,TaxAdvisoryController,/cbs-frontend/src/features/advisory/api/advisoryApi.ts:356
4,trading-books,GET,/v1/trading-books,TradingBooksController,/cbs-frontend/src/features/treasury/api/tradingApi.ts:368
4,trading-models,GET,/v1/trading-models,TradingModelsController,/cbs-frontend/src/features/treasury/api/tradingApi.ts:408
4,transactions,GET,/v1/transactions,TransactionsController,/cbs-frontend/src/features/transactions/api/transactionApi.ts:65
4,transactions,GET,/v1/transactions/{},TransactionsController,/cbs-frontend/src/features/transactions/api/transactionApi.ts:70
4,transactions,POST,/v1/transactions/{}/reverse,TransactionsController,/cbs-frontend/src/features/transactions/api/transactionApi.ts:74
4,trusts,GET,/v1/trusts,TrustsController,/cbs-frontend/src/features/wealth/api/wealthApi.ts:33
4,trusts,GET,/v1/trusts/{},TrustsController,/cbs-frontend/src/features/wealth/api/wealthApi.ts:34
4,virtual-accounts,GET,/v1/virtual-accounts,VirtualAccountsController,/cbs-frontend/src/features/accounts/api/virtualAccountApi.ts:42
4,virtual-accounts,PATCH,/v1/virtual-accounts/{}/rules,VirtualAccountsController,/cbs-frontend/src/features/accounts/api/virtualAccountApi.ts:62
4,virtual-accounts,POST,/v1/virtual-accounts,VirtualAccountsController,/cbs-frontend/src/features/accounts/api/virtualAccountApi.ts:50
4,wealth-management,GET,/v1/wealth-management,WealthManagementController,/cbs-frontend/src/features/wealth/api/wealthApi.ts:29
4,wealth-management,GET,/v1/wealth-management/advisors,WealthManagementController,/cbs-frontend/src/features/wealth/api/wealthApi.ts:38
4,wealth-management,GET,/v1/wealth-management/{},WealthManagementController,/cbs-frontend/src/features/wealth/api/wealthApi.ts:30
4,workflow,GET,/v1/workflow/tasks,WorkflowController,/cbs-frontend/src/features/operations/api/workflowApi.ts:63
4,workflow,GET,/v1/workflow/tasks/{},WorkflowController,/cbs-frontend/src/features/operations/api/workflowApi.ts:68
4,workflow,POST,/v1/workflow/tasks/{}/complete,WorkflowController,/cbs-frontend/src/features/operations/api/workflowApi.ts:71
